{"cameraMode":{"drawMode":0,"name":"Shaded","section":"Shading Mode"},"sceneLighting":true,"audioPlay":false,"sceneViewState":{"showFog":true,"showMaterialUpdate":false,"showSkybox":true,"showFlares":true,"showImageEffects":true,"showParticleSystems":true},"in2DMode":false,"pivot":{"x":-0.1071065291762352,"y":-0.00024011358618736267,"z":0.08528656512498856},"rotation":{"x":0.20434796810150147,"y":-0.7734339237213135,"z":0.30632442235946658,"w":0.5159528255462647},"size":0.05946168303489685,"orthographic":false}