{"cameraMode":{"drawMode":0,"name":"Shaded","section":"Shading Mode"},"sceneLighting":false,"audioPlay":false,"sceneViewState":{"showFog":true,"showMaterialUpdate":false,"showSkybox":false,"showFlares":true,"showImageEffects":true,"showParticleSystems":true},"in2DMode":false,"pivot":{"x":215.32623291015626,"y":213.47244262695313,"z":63.1671142578125},"rotation":{"x":-0.021222854033112527,"y":0.9787490367889404,"z":0.1404234766960144,"w":0.1479230672121048},"size":759.262451171875,"orthographic":false}