{"cameraMode":{"drawMode":0,"name":"Shaded","section":"Shading Mode"},"sceneLighting":false,"audioPlay":false,"sceneViewState":{"showFog":true,"showMaterialUpdate":false,"showSkybox":false,"showFlares":true,"showImageEffects":true,"showParticleSystems":true},"in2DMode":false,"pivot":{"x":625.7174682617188,"y":6.8296356201171879,"z":-4.5849609375},"rotation":{"x":-0.029991457238793374,"y":-0.016491711139678956,"z":-0.0004949012072756887,"w":0.9994139671325684},"size":1901.060546875,"orthographic":false}